{"shape": 4, "color": 3, "thickness": 0, "fill": 0, "coords":[ 303.000000, 174.000000, 436.000000, 392.000000, ]},
{"shape": 5, "color": 4, "thickness": 0, "fill": 1, "coords":[ 376.000000, 160.000000, 497.000000, 303.000000, ]},
